"Data Source","World Development Indicators",

"Country Name","Country Code","Indicator Name","Indicator Code","1960","1961","1962","1963","1964","1965","1966","1967","1968","1969","1970","1971","1972","1973","1974","1975","1976","1977","1978","1979","1980","1981","1982","1983","1984","1985","1986","1987","1988","1989","1990","1991","1992","1993","1994","1995","1996","1997","1998","1999","2000","2001","2002","2003","2004","2005","2006","2007","2008","2009","2010","2011","2012","2013","2014",
"Aruba","ABW","GNI per capita, PPP (current international $)","NY.GNP.PCAP.PP.CD","","","","","","","","","","","","","","","","","","","","","","","","","","","","","","","","","","","","","","","","","","","","","","","","","","","","","","","",
"Andorra","AND","GNI per capita, PPP (current international $)","NY.GNP.PCAP.PP.CD","","","","","","","","","","","","","","","","","","","","","","","","","","","","","","","","","","","","","","","","","","","","","","","","","","","","","","","",
"Afghanistan","AFG","GNI per capita, PPP (current international $)","NY.GNP.PCAP.PP.CD","","","","","","","","","","","","","","","","","","","","","","","","","","","","","","","","","","","","","","","","","","","860","920","920","1020","1080","1230","1260","1500","1610","1700","1940","1960","",
"Angola","AGO","GNI per capita, PPP (current international $)","NY.GNP.PCAP.PP.CD","","","","","","","","","","","","","","","","","","","","","","","","","","","","","","","2240","2200","1540","1140","910","1530","1790","2050","2090","2010","2190","2290","2690","2820","3080","3570","4240","5290","5690","6160","6190","6340","6580","7000","",
"Albania","ALB","GNI per capita, PPP (current international $)","NY.GNP.PCAP.PP.CD","","","","","","","","","","","","","","","","","","","","","","","","","","","","","","","2840","2040","1910","2220","2500","2960","3330","3050","3500","3920","4370","4850","5060","5490","5980","6530","7410","7950","8920","9330","9390","9870","9930","10400","",
"Arab World","ARB","GNI per capita, PPP (current international $)","NY.GNP.PCAP.PP.CD","","","","","","","","","","","","","","","","","","","","","","","","","","","","","","","6580.70871220527","6929.79635485625","7219.50154973159","7357.16138364647","7488.24219858582","7654.71247253911","7943.2930980895","8259.78772727068","8551.74571789955","8612.36720663019","8966.47602844372","9224.63268282635","9256.85010909007","9831.65438033988","10590.8963362915","11369.4765803389","12356.8419034944","13132.7088153614","13824.4856840007","13852.5027834217","14284.0231771696","14996.1560339432","15846.498202267","16141.5602516837","",
"United Arab Emirates","ARE","GNI per capita, PPP (current international $)","NY.GNP.PCAP.PP.CD","","","","","","","","","","","","","","","","","","","","","","","","","","","","","","","","","","","","","","","","","","90030","87440","92030","95910","92560","89640","80800","71000","60060","55750","56390","59890","","",
"Argentina","ARG","GNI per capita, PPP (current international $)","NY.GNP.PCAP.PP.CD","","","","","","","","","","","","","","","","","","","","","","","","","","","","","","","","","","","","","","","","","","","","","","","","","","","","","","","",
"Armenia","ARM","GNI per capita, PPP (current international $)","NY.GNP.PCAP.PP.CD","","","","","","","","","","","","","","","","","","","","","","","","","","","","","","","2330","2220","1130","1180","1420","1580","1780","1950","2080","2190","2380","2690","3120","3630","4120","4910","5790","6830","7510","6410","6690","7050","7740","8180","",
"American Samoa","ASM","GNI per capita, PPP (current international $)","NY.GNP.PCAP.PP.CD","","","","","","","","","","","","","","","","","","","","","","","","","","","","","","","","","","","","","","","","","","","","","","","","","","","","","","","",
"Antigua and Barbuda","ATG","GNI per capita, PPP (current international $)","NY.GNP.PCAP.PP.CD","","","","","","","","","","","","","","","","","","","","","","","","","","","","","","","9810","10690","10950","11800","12460","11850","12190","13220","13640","14030","14440","14430","14580","15670","16710","18260","21130","23500","23590","20760","19590","19290","20060","20490","",
"Australia","AUS","GNI per capita, PPP (current international $)","NY.GNP.PCAP.PP.CD","","","","","","","","","","","","","","","","","","","","","","","","","","","","","","","16810","17100","17560","18720","19640","20310","21290","22130","23520","24480","25560","26660","27910","28940","30420","31360","32940","34950","35960","38800","37530","40030","41570","42450","",
"Austria","AUT","GNI per capita, PPP (current international $)","NY.GNP.PCAP.PP.CD","","","","","","","","","","","","","","","","","","","","","","","","","","","","","","","19540","20570","21310","21760","22640","23570","24580","25470","26610","27500","29290","29470","31110","32100","33730","34580","37770","39100","41370","40670","42050","44440","45110","45450","",
"Azerbaijan","AZE","GNI per capita, PPP (current international $)","NY.GNP.PCAP.PP.CD","","","","","","","","","","","","","","","","","","","","","","","","","","","","","","","","","","3360","2720","2410","2430","2630","2900","3110","3340","3710","4120","4650","5100","6280","8570","10560","12310","13720","14600","14590","14870","16180","",
"Burundi","BDI","GNI per capita, PPP (current international $)","NY.GNP.PCAP.PP.CD","","","","","","","","","","","","","","","","","","","","","","","","","","","","","","","670","710","720","680","650","600","550","550","580","570","580","580","590","570","590","610","640","670","690","690","710","730","750","770","",
"Belgium","BEL","GNI per capita, PPP (current international $)","NY.GNP.PCAP.PP.CD","","","","","","","","","","","","","","","","","","","","","","","","","","","","","","","19060","20050","20740","21150","22400","23310","23760","24840","25370","26460","28960","29680","31220","31520","32320","33310","35530","37020","38620","37680","39950","41440","41800","41240","",
"Benin","BEN","GNI per capita, PPP (current international $)","NY.GNP.PCAP.PP.CD","","","","","","","","","","","","","","","","","","","","","","","","","","","","","","","860","900","900","950","950","1000","1030","1080","1110","1150","1200","1270","1290","1320","1360","1400","1450","1520","1580","1580","1590","1640","1700","1780","",
"Burkina Faso","BFA","GNI per capita, PPP (current international $)","NY.GNP.PCAP.PP.CD","","","","","","","","","","","","","","","","","","","","","","","","","","","","","","","550","600","600","620","620","650","720","760","800","840","850","900","930","990","1030","1130","1200","1250","1310","1320","1440","1430","1480","1440","",
"Bangladesh","BGD","GNI per capita, PPP (current international $)","NY.GNP.PCAP.PP.CD","","","","","","","","","","","","","","","","","","","","","","","","","","","","","","","820","850","900","940","990","1030","1080","1140","1180","1240","1320","1390","1470","1570","1680","1810","1980","2160","2340","2460","2600","2790","3010","3190","",
"Bulgaria","BGR","GNI per capita, PPP (current international $)","NY.GNP.PCAP.PP.CD","","","","","","","","","","","","","","","","","","","","","","","","","","","","","","","4980","4640","4870","4950","5150","5360","5070","5240","6000","5770","6290","6990","7920","8530","9200","9980","10950","12020","13860","13930","14240","14590","15160","15210","",
"Bahrain","BHR","GNI per capita, PPP (current international $)","NY.GNP.PCAP.PP.CD","","","","","","","","","","","","","","","","","","","","","","","","","","","","","","","19180","26670","27430","29580","29200","31240","32400","31870","33030","33160","34840","34520","33970","35230","36460","38190","38960","40190","39350","35380","36070","34890","35760","","",
"Bahamas, The","BHS","GNI per capita, PPP (current international $)","NY.GNP.PCAP.PP.CD","","","","","","","","","","","","","","","","","","","","","","","","","","","","","","","17600","17120","16940","16820","17380","18290","20730","16780","18120","19250","20150","20740","21210","21030","21410","22250","23080","23540","23260","21830","21880","22270","22490","22700","",
"Bosnia and Herzegovina","BIH","GNI per capita, PPP (current international $)","NY.GNP.PCAP.PP.CD","","","","","","","","","","","","","","","","","","","","","","","","","","","","","","","","","","","870","1120","2300","3160","4570","4760","4820","5020","5260","5520","5960","6420","7310","8030","8890","8820","8890","9320","9440","9660","",
"Belarus","BLR","GNI per capita, PPP (current international $)","NY.GNP.PCAP.PP.CD","","","","","","","","","","","","","","","","","","","","","","","","","","","","","","","5230","5340","4920","4650","4190","3840","4030","4570","5030","5310","5760","6220","6690","7380","8510","9680","10990","12230","13730","13760","15060","16410","16810","16950","",
"Belize","BLZ","GNI per capita, PPP (current international $)","NY.GNP.PCAP.PP.CD","","","","","","","","","","","","","","","","","","","","","","","","","","","","","","","3290","3650","4070","4340","4340","4370","4390","4500","4550","4800","6180","6550","6720","7390","7920","6550","6880","6810","7000","7350","7250","7640","7790","7870","",
"Bermuda","BMU","GNI per capita, PPP (current international $)","NY.GNP.PCAP.PP.CD","","","","","","","","","","","","","","","","","","","","","","","","","","","","","","","26520","26510","27090","28420","29000","30680","","","","","","","","","","","","75090","74770","69980","69270","66640","66430","","",
"Bolivia","BOL","GNI per capita, PPP (current international $)","NY.GNP.PCAP.PP.CD","","","","","","","","","","","","","","","","","","","","","","","","","","","","","","","2300","2450","2520","2620","2750","2870","3020","3140","3290","3260","3340","3410","3480","3530","3680","3920","4180","4400","4710","4790","4940","5200","5410","5750","",
"Brazil","BRA","GNI per capita, PPP (current international $)","NY.GNP.PCAP.PP.CD","","","","","","","","","","","","","","","","","","","","","","","","","","","","","","","6300","6520","6560","6880","7350","7730","7920","8170","8110","8040","8490","8610","8850","9040","9720","10240","10910","11810","12510","12500","13510","14030","14350","14750","",
"Barbados","BRB","GNI per capita, PPP (current international $)","NY.GNP.PCAP.PP.CD","","","","","","","","","","","","","","","","","","","","","","","","","","","","","","","8240","8260","8050","8250","8720","8970","9250","10030","10530","10870","11310","11170","11340","11690","12220","12900","13770","14570","14640","14260","14650","14930","15090","","",
"Brunei Darussalam","BRN","GNI per capita, PPP (current international $)","NY.GNP.PCAP.PP.CD","","","","","","","","","","","","","","","","","","","","","","","","","","","","","","","49870","51650","53800","53720","55070","57220","58450","57180","56150","57380","59030","60690","62660","64420","65210","66280","70010","71070","69740","68010","","","","","",
"Bhutan","BTN","GNI per capita, PPP (current international $)","NY.GNP.PCAP.PP.CD","","","","","","","","","","","","","","","","","","","","","","","","","","","","","","","1410","1420","1490","1610","1800","1880","2030","2200","2140","2220","2850","3060","3290","3490","3690","4010","4360","5120","5300","5510","6030","6480","6700","6920","",
"Botswana","BWA","GNI per capita, PPP (current international $)","NY.GNP.PCAP.PP.CD","","","","","","","","","","","","","","","","","","","","","","","","","","","","","","","5090","5740","5940","6290","5740","6410","6440","7090","7460","7560","7650","8010","7610","8320","8560","9370","10400","11600","12300","11720","12560","13950","14820","15640","",
"Central African Republic","CAF","GNI per capita, PPP (current international $)","NY.GNP.PCAP.PP.CD","","","","","","","","","","","","","","","","","","","","","","","","","","","","","","","500","500","470","470","480","520","500","520","540","560","550","580","600","570","610","620","680","740","770","830","880","910","950","600","",
"Canada","CAN","GNI per capita, PPP (current international $)","NY.GNP.PCAP.PP.CD","","","","","","","","","","","","","","","","","","","","","","","","","","","","","","","19150","19180","19530","20300","21500","22390","22990","24160","25210","26650","28240","29160","29850","31240","32900","35230","37260","38700","39500","38060","39200","40570","41170","42610","",
"Central Europe and the Baltics","CEB","GNI per capita, PPP (current international $)","NY.GNP.PCAP.PP.CD","","","","","","","","","","","","","","","","","","","","","","","","","","","","","","","","","6454.35860285464","6684.59865662908","7148.961017454","7656.29678973055","8175.02381664643","8587.11174052276","8990.67587345357","9252.52483226441","9916.07522611457","10698.9784587771","11450.1689510996","12076.3692475098","12956.740869333","13937.1499304096","15416.54603505","16986.0855268689","18686.8568820486","18811.3347844598","19550.7322789539","20808.6271393622","21308.9597846203","22099.3618402414","",
"Switzerland","CHE","GNI per capita, PPP (current international $)","NY.GNP.PCAP.PP.CD","","","","","","","","","","","","","","","","","","","","","","","","","","","","","","","27320","27650","27880","28380","28880","29680","30530","32370","33610","34430","36830","36790","37390","38820","40140","42500","46710","47720","47200","51140","54430","54760","56120","59210","",
"Channel Islands","CHI","GNI per capita, PPP (current international $)","NY.GNP.PCAP.PP.CD","","","","","","","","","","","","","","","","","","","","","","","","","","","","","","","","","","","","","","","","","","","","","","","","","","","","","","","",
"Chile","CHL","GNI per capita, PPP (current international $)","NY.GNP.PCAP.PP.CD","","","","","","","","","","","","","","","","","","","","","","","","","","","","","","","4140","4590","5290","5790","6140","6950","7600","8180","8540","8420","9320","9720","9940","10320","10880","11700","13400","14660","14950","14840","17010","19040","20140","21030","",
"China","CHN","GNI per capita, PPP (current international $)","NY.GNP.PCAP.PP.CD","","","","","","","","","","","","","","","","","","","","","","","","","","","","","","","970","1070","1240","1420","1630","1790","1990","2200","2360","2570","2830","3100","3430","3840","4330","4920","5710","6690","7470","8110","9000","9940","10920","11850","",
"Cote d'Ivoire","CIV","GNI per capita, PPP (current international $)","NY.GNP.PCAP.PP.CD","","","","","","","","","","","","","","","","","","","","","","","","","","","","","","","1780","1820","1810","1790","1850","1970","2130","2260","2340","2340","2250","2280","2250","2250","2330","2420","2490","2560","2640","2690","2730","2600","2880","3090","",
"Cameroon","CMR","GNI per capita, PPP (current international $)","NY.GNP.PCAP.PP.CD","","","","","","","","","","","","","","","","","","","","","","","","","","","","","","","1710","1620","1570","1440","1450","1500","1560","1620","1700","1750","1780","1840","1920","2030","2140","2190","2300","2360","2420","2460","2490","2580","2660","2770","",
"Congo, Rep.","COG","GNI per capita, PPP (current international $)","NY.GNP.PCAP.PP.CD","","","","","","","","","","","","","","","","","","","","","","","","","","","","","","","2830","2930","3130","2850","2850","2000","2030","2500","2700","2390","2590","2670","2830","2910","2780","2940","3110","3180","3570","3690","4070","4140","4420","4600","",
"Colombia","COL","GNI per capita, PPP (current international $)","NY.GNP.PCAP.PP.CD","","","","","","","","","","","","","","","","","","","","","","","","","","","","","","","4760","4970","5250","5450","5870","6200","6300","6510","6530","6240","6520","6650","6800","7040","7500","7970","8640","9320","9680","9810","10150","10810","11360","11960","",
"Comoros","COM","GNI per capita, PPP (current international $)","NY.GNP.PCAP.PP.CD","","","","","","","","","","","","","","","","","","","","","","","","","","","","","","","990","950","1040","1070","1000","1040","1020","1050","1040","1050","1070","1190","1200","1210","1240","1280","1320","1340","1350","1360","1380","1420","1460","1490","",
"Cabo Verde","CPV","GNI per capita, PPP (current international $)","NY.GNP.PCAP.PP.CD","","","","","","","","","","","","","","","","","","","","","","","","","","","","","","","1050","1070","1190","1280","1510","1710","1890","2100","2330","2570","2910","3030","3140","3300","3680","3960","4350","5230","5640","5600","5620","5960","6090","6210","",
"Costa Rica","CRI","GNI per capita, PPP (current international $)","NY.GNP.PCAP.PP.CD","","","","","","","","","","","","","","","","","","","","","","","","","","","","","","","4580","4730","5210","5590","5910","6080","6110","6380","6720","6590","6990","7360","7650","8000","8600","9360","10440","11010","11570","11110","11830","12510","13150","13570","",
"Caribbean small states","CSS","GNI per capita, PPP (current international $)","NY.GNP.PCAP.PP.CD","","","","","","","","","","","","","","","","","","","","","","","","","","","","","","","5264.27501687685","5510.14361577503","5678.25049601732","6119.66656445507","6337.59223485922","6623.89123334029","6964.733456262","7033.18054011872","7243.23771140421","7474.24262719513","7844.74179218766","8101.60033322755","8662.37877901363","9458.74547625714","10327.7050962178","10966.9961185051","12888.3817961752","13078.8084753502","13510.2183258798","12979.3049955813","13157.8429602119","13000.1218911445","13332.2773756426","13649.5235101494","",
"Cuba","CUB","GNI per capita, PPP (current international $)","NY.GNP.PCAP.PP.CD","","","","","","","","","","","","","","","","","","","","","","","","","","","","","","","8570","7870","7090","6140","6280","6490","7120","7420","7500","8040","8660","9150","9370","9920","10740","12330","14280","15650","16630","17020","17660","18520","","","",
"Curacao","CUW","GNI per capita, PPP (current international $)","NY.GNP.PCAP.PP.CD","","","","","","","","","","","","","","","","","","","","","","","","","","","","","","","","","","","","","","","","","","","","","","","","","","","","","","","",
"Cayman Islands","CYM","GNI per capita, PPP (current international $)","NY.GNP.PCAP.PP.CD","","","","","","","","","","","","","","","","","","","","","","","","","","","","","","","","","","","","","","","","","","","","","","","","","","","","","","","",
"Cyprus","CYP","GNI per capita, PPP (current international $)","NY.GNP.PCAP.PP.CD","","","","","","","","","","","","","","","","","","","","","","","","","","","","","","","12520","12710","13790","13900","14680","15090","15470","15790","18220","17360","18180","19800","20670","21350","22210","23400","25080","26380","31190","30170","29990","30800","28850","27630","",
"Czech Republic","CZE","GNI per capita, PPP (current international $)","NY.GNP.PCAP.PP.CD","","","","","","","","","","","","","","","","","","","","","","","","","","","","","","","","","11760","12120","12730","13690","14500","14720","14790","15120","16000","17170","17680","18930","20010","21280","22950","24950","25350","25210","25020","26270","26610","26740","",
"Germany","DEU","GNI per capita, PPP (current international $)","NY.GNP.PCAP.PP.CD","","","","","","","","","","","","","","","","","","","","","","","","","","","","","","","19380","20750","21430","21540","22300","23020","23620","24110","24690","25540","26440","27450","28060","29040","30870","32460","35340","37310","38850","38100","40390","43470","44310","45620","",
"Djibouti","DJI","GNI per capita, PPP (current international $)","NY.GNP.PCAP.PP.CD","","","","","","","","","","","","","","","","","","","","","","","","","","","","","","","","1960","1950","1840","1800","1750","1670","1650","1630","1670","1690","1730","1780","1950","2080","2180","","","","","","","","","",
"Dominica","DMA","GNI per capita, PPP (current international $)","NY.GNP.PCAP.PP.CD","","","","","","","","","","","","","","","","","","","","","","","","","","","","","","","4180","4290","4490","4690","4750","4910","5030","5290","5700","5630","5660","6110","6020","6630","6910","7190","8100","8730","9620","9690","9970","10120","9970","10060","",
"Denmark","DNK","GNI per capita, PPP (current international $)","NY.GNP.PCAP.PP.CD","","","","","","","","","","","","","","","","","","","","","","","","","","","","","","","18280","19070","19910","20440","21980","23100","24170","25370","26350","27310","28980","29830","31230","31040","33270","34340","37660","38840","41290","40170","42500","43700","43890","44950","",
"Dominican Republic","DOM","GNI per capita, PPP (current international $)","NY.GNP.PCAP.PP.CD","","","","","","","","","","","","","","","","","","","","","","","","","","","","","","","3270","3360","3720","3940","4070","4310","4650","5020","5340","5670","6040","6190","6550","6410","6460","7380","8340","9170","9640","9680","10520","10860","11190","11630","",
"Algeria","DZA","GNI per capita, PPP (current international $)","NY.GNP.PCAP.PP.CD","","","","","","","","","","","","","","","","","","","","","","","","","","","","","","","6320","6200","6330","6270","6170","6340","6590","6720","7060","7240","7450","8030","8420","9100","9570","10270","10670","11430","11740","11790","12230","12490","12860","13070","",
"East Asia & Pacific (developing only)","EAP","GNI per capita, PPP (current international $)","NY.GNP.PCAP.PP.CD","","","","","","","","","","","","","","","","","","","","","","","","","","","","","","","1358.63528907013","1465.71606766547","1638.50250016937","1869.24663730146","2091.82411207946","2295.84408385394","2516.0995080099","2707.84235002825","2714.71358784146","2877.72108626071","3128.58227850643","3357.64087710036","3636.97721592476","4056.86498849552","4500.08872972246","5028.29590190354","5708.24920351198","6522.96637121607","7172.20092362821","7660.31133846883","8416.83805199373","9151.20875741148","9976.08908541182","10728.2998369213","",
"East Asia & Pacific (all income levels)","EAS","GNI per capita, PPP (current international $)","NY.GNP.PCAP.PP.CD","","","","","","","","","","","","","","","","","","","","","","","","","","","","","","","3123.90517064078","3334.68257650229","3554.77218689054","3830.37164999258","4111.76480473175","4390.17632725716","4691.30739857974","4952.70092855309","4919.32215750926","5137.51331064751","5514.68703550431","5794.34539630478","6144.57744083027","6601.51273655398","7168.45911481867","7773.13413367284","8571.34550124543","9512.9656203512","10138.6624943039","10468.3632204948","11359.3663303423","12138.6558860166","12980.1627040495","13780.0814352678","",
"Europe & Central Asia (developing only)","ECA","GNI per capita, PPP (current international $)","NY.GNP.PCAP.PP.CD","","","","","","","","","","","","","","","","","","","","","","","","","","","","","","","5144.13238263199","4913.66746861617","4637.06041419652","4513.72510069903","4154.92607923823","4176.31839520668","4313.89462125844","4500.62211743817","5200.24926109634","5163.01159296227","5665.95598540092","5910.36211533716","6269.76595021028","6680.99150951991","7527.61567467374","8283.7080047183","9363.04004427654","10280.3575865738","11246.7992788677","11007.4232144777","11748.5927719179","12681.2559547402","13070.0737423534","13705.9234499048","",
"Europe & Central Asia (all income levels)","ECS","GNI per capita, PPP (current international $)","NY.GNP.PCAP.PP.CD","","","","","","","","","","","","","","","","","","","","","","","","","","","","","","","11286.1347501212","11597.1956564776","11615.8029211479","11695.0583234314","11924.4681116965","12370.3739837032","12823.0862097099","13430.4965563498","14065.1013545289","14566.7473314622","15741.7572014756","16532.3412942884","17216.0700497186","17891.4313078768","19059.2198321524","20296.2355221643","22440.8091893632","23902.2008586022","25368.9878696491","24819.6075210799","25677.2747015931","27016.1219240902","27300.8361363584","28016.4978608323","",
"Ecuador","ECU","GNI per capita, PPP (current international $)","NY.GNP.PCAP.PP.CD","","","","","","","","","","","","","","","","","","","","","","","","","","","","","","","4490","4800","4970","5110","5350","5480","5550","5790","5890","5430","5450","5820","6100","6260","6800","7310","7760","8010","8670","8670","8990","9730","10260","10720","",
"Egypt, Arab Rep.","EGY","GNI per capita, PPP (current international $)","NY.GNP.PCAP.PP.CD","","","","","","","","","","","","","","","","","","","","","","","","","","","","","","","3800","3960","4160","4300","4540","4800","5080","5390","5590","5900","6250","6520","6610","6820","7170","7600","8300","9000","9660","9950","10200","10360","10610","10790","",
"Euro area","EMU","GNI per capita, PPP (current international $)","NY.GNP.PCAP.PP.CD","","","","","","","","","","","","","","","","","","","","","","","","","","","","","","","17007.9763534437","17924.6772648317","18472.0342777043","18713.9177896026","19447.2944165858","20307.5896906415","21007.1861850241","21899.3323570767","22852.6916670463","23755.7629688351","25224.9477227044","26396.9688159574","27149.6168782424","27650.4973182221","28868.9060856975","30187.3322544014","32762.397523298","34537.1867012924","35801.2020809163","35187.8535605208","36126.0481670171","37620.3522288372","37633.5928346807","38316.5576152079","",
"Eritrea","ERI","GNI per capita, PPP (current international $)","NY.GNP.PCAP.PP.CD","","","","","","","","","","","","","","","","","","","","","","","","","","","","","","","","","710","820","1010","1060","1130","1220","1230","1210","1150","1220","1220","1150","1150","1180","1160","1170","1040","1050","1050","1130","1190","1180","",
"Spain","ESP","GNI per capita, PPP (current international $)","NY.GNP.PCAP.PP.CD","","","","","","","","","","","","","","","","","","","","","","","","","","","","","","","13580","14360","14760","14970","15400","16330","17020","18030","19240","20200","21810","22980","24390","25100","26180","27470","30360","31980","32820","32330","31900","32050","32030","32700","",
"Estonia","EST","GNI per capita, PPP (current international $)","NY.GNP.PCAP.PP.CD","","","","","","","","","","","","","","","","","","","","","","","","","","","","","","","","","","","","","","","","","9390","10120","11330","12560","13930","15830","18140","20150","21020","19420","19740","22050","22960","24570","",
"Ethiopia","ETH","GNI per capita, PPP (current international $)","NY.GNP.PCAP.PP.CD","","","","","","","","","","","","","","","","","","","","","","","","","","","","","","","420","390","350","390","400","420","470","470","450","470","490","530","530","510","580","650","730","810","890","950","1060","1170","1260","1380","",
"European Union","EUU","GNI per capita, PPP (current international $)","NY.GNP.PCAP.PP.CD","","","","","","","","","","","","","","","","","","","","","","","","","","","","","","","14778.6985105032","15446.0528209696","15908.017359421","16230.8517990859","17018.5766604862","17835.4734262969","18586.1764604951","19475.1665201107","20341.3837295125","21066.5461036605","22531.9386227246","23662.4317518125","24539.6063404797","25187.9653702017","26470.2349735095","27756.6563605103","30078.7386560462","31703.0223253309","32943.7138801911","32369.7631412529","33192.6298006233","34564.8783516761","34644.2258280491","35461.2974122281","",
"Fragile and conflict affected situations","FCS","GNI per capita, PPP (current international $)","NY.GNP.PCAP.PP.CD","","","","","","","","","","","","","","","","","","","","","","","","","","","","","","","","","","","","","","","","","","","","","2521.57424530326","2710.54035770016","2925.32253564828","3078.12776794652","3215.33449239326","3284.87503885366","3367.26636163891","3455.59449525597","3626.65126126532","3689.80720967246","",
"Finland","FIN","GNI per capita, PPP (current international $)","NY.GNP.PCAP.PP.CD","","","","","","","","","","","","","","","","","","","","","","","","","","","","","","","17600","16850","16350","16410","17510","18710","19380","21280","22840","24260","26330","27530","28510","28610","31280","32190","34850","37570","39770","38160","38810","40450","39930","39930","",
"Fiji","FJI","GNI per capita, PPP (current international $)","NY.GNP.PCAP.PP.CD","","","","","","","","","","","","","","","","","","","","","","","","","","","","","","","3550","3560","3800","3920","4090","4340","4610","4520","4510","4940","5210","5260","5600","5710","6170","6470","6400","6570","6680","6710","6740","7000","7160","7590","",
"France","FRA","GNI per capita, PPP (current international $)","NY.GNP.PCAP.PP.CD","","","","","","","","","","","","","","","","","","","","","","","","","","","","","","","17670","18380","19050","19300","20020","20770","21500","22530","23660","24750","26480","27930","28790","28410","29440","30910","32950","34720","35890","35570","36610","38170","37690","38530","",
"Faeroe Islands","FRO","GNI per capita, PPP (current international $)","NY.GNP.PCAP.PP.CD","","","","","","","","","","","","","","","","","","","","","","","","","","","","","","","","","","","","","","","","","","","","","","","","","","","","","","","",
"Micronesia, Fed. Sts.","FSM","GNI per capita, PPP (current international $)","NY.GNP.PCAP.PP.CD","","","","","","","","","","","","","","","","","","","","","","","","","","","","","","","","","","2380","2380","2440","2390","2400","2340","2400","2580","2680","2730","2840","2860","3040","3140","3200","3160","3330","3390","3540","3670","3680","",
"Gabon","GAB","GNI per capita, PPP (current international $)","NY.GNP.PCAP.PP.CD","","","","","","","","","","","","","","","","","","","","","","","","","","","","","","","11110","11870","11100","11310","12020","12340","12690","13290","13870","12390","11700","12210","12590","12560","12070","13370","13130","14110","14350","14240","14480","15410","16500","17230","",
"United Kingdom","GBR","GNI per capita, PPP (current international $)","NY.GNP.PCAP.PP.CD","","","","","","","","","","","","","","","","","","","","","","","","","","","","","","","16470","16770","17450","18400","19830","20800","22090","23730","24800","25100","27520","28960","30440","31650","33640","35320","37230","37740","37820","36480","36320","37050","36830","38160","",
"Georgia","GEO","GNI per capita, PPP (current international $)","NY.GNP.PCAP.PP.CD","","","","","","","","","","","","","","","","","","","","","","","","","","","","","","","5190","4200","2330","1660","1530","1600","1900","2310","2470","2600","2690","2830","3030","3450","3810","4240","4790","5450","5610","5420","5710","6140","6760","7040","",
"Ghana","GHA","GNI per capita, PPP (current international $)","NY.GNP.PCAP.PP.CD","","","","","","","","","","","","","","","","","","","","","","","","","","","","","","","1200","1270","1320","1370","1400","1460","1510","1570","1620","1680","1720","1800","1870","1950","2060","2220","2380","2540","2740","2800","2950","3340","3540","3900","",
"Guinea","GIN","GNI per capita, PPP (current international $)","NY.GNP.PCAP.PP.CD","","","","","","","","","","","","","","","","","","","","","","","","","","","","","","","690","690","700","720","730","750","770","800","820","860","880","910","980","930","960","980","980","1030","1040","1030","1060","1100","1140","1160","",
"Gambia, The","GMB","GNI per capita, PPP (current international $)","NY.GNP.PCAP.PP.CD","","","","","","","","","","","","","","","","","","","","","","","","","","","","","","","900","980","1010","1030","1030","1040","1050","1080","1090","1140","1190","1240","1170","1230","1350","1330","1340","1390","1460","1510","1580","1490","1560","1610","",
"Guinea-Bissau","GNB","GNI per capita, PPP (current international $)","NY.GNP.PCAP.PP.CD","","","","","","","","","","","","","","","","","","","","","","","","","","","","","","","970","1000","1020","1040","1070","1110","1230","1330","930","940","1020","1030","1040","1040","1080","1130","1180","1230","1250","1280","1340","1460","1410","1410","",
"Equatorial Guinea","GNQ","GNI per capita, PPP (current international $)","NY.GNP.PCAP.PP.CD","","","","","","","","","","","","","","","","","","","","","","","","","","","","","","","730","740","1000","1080","1040","1100","1740","4660","5050","6670","6030","6080","8080","7460","9260","16380","28400","28720","25870","33680","28070","27660","24660","23270","",
"Greece","GRC","GNI per capita, PPP (current international $)","NY.GNP.PCAP.PP.CD","","","","","","","","","","","","","","","","","","","","","","","","","","","","","","","13560","14370","14680","14610","15090","15620","16110","17030","17520","17830","19210","20860","22510","23480","24850","25160","27470","28220","29900","29830","28310","26220","25750","25700","",
"Grenada","GRD","GNI per capita, PPP (current international $)","NY.GNP.PCAP.PP.CD","","","","","","","","","","","","","","","","","","","","","","","","","","","","","","","4580","4950","5030","4900","5110","5220","5490","5790","6150","6850","7150","7040","7310","8160","8090","10160","10020","10730","11040","10020","10390","10760","10770","11230","",
"Greenland","GRL","GNI per capita, PPP (current international $)","NY.GNP.PCAP.PP.CD","","","","","","","","","","","","","","","","","","","","","","","","","","","","","","","","","","","","","","","","","","","","","","","","","","","","","","","",
"Guatemala","GTM","GNI per capita, PPP (current international $)","NY.GNP.PCAP.PP.CD","","","","","","","","","","","","","","","","","","","","","","","","","","","","","","","3370","3560","3730","3880","4020","4210","4300","4470","4660","4780","4950","5090","5190","5290","5450","5660","5970","6350","6520","6410","6510","6720","6930","7130","",
"Guam","GUM","GNI per capita, PPP (current international $)","NY.GNP.PCAP.PP.CD","","","","","","","","","","","","","","","","","","","","","","","","","","","","","","","","","","","","","","","","","","","","","","","","","","","","","","","",
"Guyana","GUY","GNI per capita, PPP (current international $)","NY.GNP.PCAP.PP.CD","","","","","","","","","","","","","","","","","","","","","","","","","","","","","","","1450","1630","1930","2370","2760","3020","3340","3500","3480","3680","3730","3830","3950","4010","3910","4310","4310","4750","4960","5130","5460","5790","6210","6610","",
"High income","HIC","GNI per capita, PPP (current international $)","NY.GNP.PCAP.PP.CD","","","","","","","","","","","","","","","","","","","","","","","","","","","","","","","16893.2354791725","17532.4736538897","18059.4892213942","18565.0086408527","19324.9954663175","20112.7111536067","20977.0268640851","21994.1720085664","22651.8912993336","23619.8023050118","25203.7755458851","26125.7802431942","26951.1334853587","27993.5143616162","29692.5557822839","31419.6119021856","33768.3079237121","35590.2618619916","36738.0220783778","35839.2668142719","37190.5416031307","38752.0231876328","39686.9887441102","40790.2076796816","",
"Hong Kong SAR, China","HKG","GNI per capita, PPP (current international $)","NY.GNP.PCAP.PP.CD","","","","","","","","","","","","","","","","","","","","","","","","","","","","","","","16970","18280","19670","21820","23050","23750","23660","25250","24160","25210","27190","28170","28480","30560","33730","36640","40890","44680","47440","45260","48150","51450","51920","54270","",
"Honduras","HND","GNI per capita, PPP (current international $)","NY.GNP.PCAP.PP.CD","","","","","","","","","","","","","","","","","","","","","","","","","","","","","","","1900","1970","2050","2260","2230","2280","2350","2510","2570","2530","2670","2750","2820","2930","3110","3350","3600","3920","4090","3980","3990","4110","4190","4270","",
"Heavily indebted poor countries (HIPC)","HPC","GNI per capita, PPP (current international $)","NY.GNP.PCAP.PP.CD","","","","","","","","","","","","","","","","","","","","","","","","","","","","","","","871.897272402214","876.394812963351","867.469119787064","876.790672278702","877.858436648502","907.820424818713","960.109829579553","1001.35299200918","1022.90507430514","1038.87541950577","1062.00452487325","1096.6490023095","1118.37128757792","1164.25564847051","1227.69566515661","1310.57230150852","1404.03669288849","1498.46182041075","1570.11610881545","1611.79389088818","1675.69856535407","1748.04482472435","1805.67179426055","1872.04513347986","",
"Croatia","HRV","GNI per capita, PPP (current international $)","NY.GNP.PCAP.PP.CD","","","","","","","","","","","","","","","","","","","","","","","","","","","","","","","","","","","","8110","9110","9720","10150","9890","10850","11580","12540","13200","14410","15210","16630","18540","19900","18780","18440","20010","20480","20830","",
"Haiti","HTI","GNI per capita, PPP (current international $)","NY.GNP.PCAP.PP.CD","","","","","","","","","","","","","","","","","","","","","","","","","","","","","","","","","","","","","","","","","","","","","1370","1420","1450","1510","1540","1580","1490","1590","1650","1720","",
"Hungary","HUN","GNI per capita, PPP (current international $)","NY.GNP.PCAP.PP.CD","","","","","","","","","","","","","","","","","","","","","","","","","","","","","","","","","","8240","8640","8830","9080","9560","10210","10600","11500","12950","14130","14870","15560","16340","17660","17990","19470","19930","20480","21650","21620","22800","",
"Indonesia","IDN","GNI per capita, PPP (current international $)","NY.GNP.PCAP.PP.CD","","","","","","","","","","","","","","","","","","","","","","","","","","","","","","","2650","2660","2900","3440","3760","4090","4420","4630","3900","3840","4010","4110","4240","4870","5140","5510","5950","6410","6870","7150","7640","8190","8750","9270","",
"Isle of Man","IMN","GNI per capita, PPP (current international $)","NY.GNP.PCAP.PP.CD","","","","","","","","","","","","","","","","","","","","","","","","","","","","","","","","","","","","","","","","","","","","","","","","","","","","","","","",
"India","IND","GNI per capita, PPP (current international $)","NY.GNP.PCAP.PP.CD","","","","","","","","","","","","","","","","","","","","","","","","","","","","","","","1160","1180","1250","1320","1410","1520","1640","1710","1800","1960","2040","2150","2240","2420","2650","2940","3260","3640","3800","4100","4500","4840","5080","5350","",
"Not classified","INX","GNI per capita, PPP (current international $)","NY.GNP.PCAP.PP.CD","","","","","","","","","","","","","","","","","","","","","","","","","","","","","","","","","","","","","","","","","","","","","","","","","","","","","","","",
"Ireland","IRL","GNI per capita, PPP (current international $)","NY.GNP.PCAP.PP.CD","","","","","","","","","","","","","","","","","","","","","","","","","","","","","","","12420","13060","13540","14220","15370","16830","18360","19990","22000","23150","25640","26790","28320","30460","32400","34530","38210","40220","37780","34670","36070","36740","37380","39250","",
"Iran, Islamic Rep.","IRN","GNI per capita, PPP (current international $)","NY.GNP.PCAP.PP.CD","","","","","","","","","","","","","","","","","","","","","","","","","","","","","","","5610","6420","6750","6610","6630","6930","7440","7720","7900","8000","8480","8880","9380","10100","10810","11530","12460","13710","13240","13170","","","16540","15610","",
"Iraq","IRQ","GNI per capita, PPP (current international $)","NY.GNP.PCAP.PP.CD","","","","","","","","","","","","","","","","","","","","","","","","","","","","","","","","","","","","","","","","","","","","","8890","9480","10490","10690","11750","11930","12220","13230","14570","14930","",
"Iceland","ISL","GNI per capita, PPP (current international $)","NY.GNP.PCAP.PP.CD","","","","","","","","","","","","","","","","","","","","","","","","","","","","","","","21040","21590","21160","21690","22590","23030","24130","26030","27710","28590","28760","30340","31940","31210","33460","34540","34600","37010","33030","32660","32400","34850","36160","41160","",
"Israel","ISR","GNI per capita, PPP (current international $)","NY.GNP.PCAP.PP.CD","","","","","","","","","","","","","","","","","","","","","","","","","","","","","","","13100","13590","14350","14920","15910","17090","18340","18820","19160","19320","21480","22280","22580","21350","23000","23050","24790","26870","26550","26530","27960","29650","30510","32140","",
"Italy","ITA","GNI per capita, PPP (current international $)","NY.GNP.PCAP.PP.CD","","","","","","","","","","","","","","","","","","","","","","","","","","","","","","","18040","18880","19420","19740","20560","21670","22450","23360","24560","25120","26570","28170","27780","28290","28710","29700","32110","33720","34860","34260","34630","35800","35500","35540","",
"Jamaica","JAM","GNI per capita, PPP (current international $)","NY.GNP.PCAP.PP.CD","","","","","","","","","","","","","","","","","","","","","","","","","","","","","","","4330","4620","4880","5700","5790","6040","6210","6200","5960","6060","6200","6320","","","","","9150","8090","8240","7800","7890","8170","8420","8490","",
"Jordan","JOR","GNI per capita, PPP (current international $)","NY.GNP.PCAP.PP.CD","","","","","","","","","","","","","","","","","","","","","","","","","","","","","","","4330","3940","4630","4790","4960","5260","5290","5470","5590","5750","6170","6520","6770","7050","7760","8490","9280","10180","10800","11110","10940","11190","11400","11670","",
"Japan","JPN","GNI per capita, PPP (current international $)","NY.GNP.PCAP.PP.CD","","","","","","","","","","","","","","","","","","","","","","","","","","","","","","","19370","20620","21250","21750","22310","23130","24180","24980","24680","24910","26260","27000","27680","28410","29930","31150","32730","34500","34710","32880","34830","35380","36540","37790","",
"Kazakhstan","KAZ","GNI per capita, PPP (current international $)","NY.GNP.PCAP.PP.CD","","","","","","","","","","","","","","","","","","","","","","","","","","","","","","","","","","6810","6150","5850","6060","6350","6400","6600","7170","8450","9520","10450","11570","12600","13870","15210","15440","15970","16690","17710","18870","20680","",
"Kenya","KEN","GNI per capita, PPP (current international $)","NY.GNP.PCAP.PP.CD","","","","","","","","","","","","","","","","","","","","","","","","","","","","","","","1470","1490","1460","1430","1470","1550","1620","1630","1660","1670","1680","1740","1730","1760","1860","1990","2120","2270","2260","2290","2440","2590","2670","2780","",
"Kyrgyz Republic","KGZ","GNI per capita, PPP (current international $)","NY.GNP.PCAP.PP.CD","","","","","","","","","","","","","","","","","","","","","","","","","","","","","","","2250","2100","1830","1580","1280","1210","1300","1410","1420","1450","1550","1690","1700","1840","1980","2030","2180","2420","2570","2640","2560","2610","2850","3080","",
"Cambodia","KHM","GNI per capita, PPP (current international $)","NY.GNP.PCAP.PP.CD","","","","","","","","","","","","","","","","","","","","","","","","","","","","","","","","","","","","780","810","860","880","970","1050","1130","1190","1310","1450","1660","1870","2090","2250","2230","2340","2530","2710","2890","",
"Kiribati","KIR","GNI per capita, PPP (current international $)","NY.GNP.PCAP.PP.CD","","","","","","","","","","","","","","","","","","","","","","","","","","","","","","","1600","1450","1480","1480","1570","1660","1520","1910","2220","2060","2320","2500","2320","2290","2390","2420","2350","2470","2560","2420","2390","2390","2660","2780","",
"St. Kitts and Nevis","KNA","GNI per capita, PPP (current international $)","NY.GNP.PCAP.PP.CD","","","","","","","","","","","","","","","","","","","","","","","","","","","","","","","8950","9120","9420","10130","10750","11370","11710","12770","12670","13280","14040","14800","15010","14440","15570","17540","19160","20080","21030","19740","19220","19740","19790","20990","",
"Korea, Rep.","KOR","GNI per capita, PPP (current international $)","NY.GNP.PCAP.PP.CD","","","","","","","","","","","","","","","","","","","","","","","","","","","","","","","8600","9660","10340","11140","12250","13460","14560","15480","14530","16250","17990","19060","20700","21260","22850","24030","25720","27830","28720","28410","30450","31510","32150","33440","",
"Kosovo","KSV","GNI per capita, PPP (current international $)","NY.GNP.PCAP.PP.CD","","","","","","","","","","","","","","","","","","","","","","","","","","","","","","","","","","","","","","","","","","","","","","","6880","7350","7610","7650","8020","8420","8840","9090","",
"Kuwait","KWT","GNI per capita, PPP (current international $)","NY.GNP.PCAP.PP.CD","","","","","","","","","","","","","","","","","","","","","","","","","","","","","","","","","","","","70440","71280","74610","75450","67910","69840","67070","64650","73710","82110","89370","95730","98580","94260","84920","83120","88170","","","",
"Latin America & Caribbean (developing only)","LAC","GNI per capita, PPP (current international $)","NY.GNP.PCAP.PP.CD","","","","","","","","","","","","","","","","","","","","","","","","","","","","","","","5626.5485377452","5929.88638073692","6126.24015902383","6698.02559966058","7060.53680919247","7068.67373300232","7307.71620282467","7687.84554296245","7786.65799120818","7789.81019900673","8159.62655027179","8242.12323056585","8222.52917893439","8421.45162045273","9064.64581980095","9784.27393083854","10633.1081694159","11429.9706645842","12048.5838296215","11946.7156206377","12676.3838402162","13394.776022652","13777.8998598874","14204.1424255093","",
"Lao PDR","LAO","GNI per capita, PPP (current international $)","NY.GNP.PCAP.PP.CD","","","","","","","","","","","","","","","","","","","","","","","","","","","","","","","1050","1100","1150","1210","1310","1390","1480","1540","1580","1710","1770","1890","2010","2100","2300","2550","2710","3000","3190","3450","3570","3840","4170","4550","",
"Lebanon","LBN","GNI per capita, PPP (current international $)","NY.GNP.PCAP.PP.CD","","","","","","","","","","","","","","","","","","","","","","","","","","","","","","","6100","7610","7630","8040","8670","9320","9730","9520","9790","9780","9960","9970","9590","8350","10240","10820","11260","12740","13800","14800","15720","16360","17090","17400","",
"Liberia","LBR","GNI per capita, PPP (current international $)","NY.GNP.PCAP.PP.CD","","","","","","","","","","","","","","","","","","","","","","","","","","","","","","","","","","","","","","190","240","230","360","320","420","260","250","300","340","410","460","540","580","670","730","790","",
"Libya","LBY","GNI per capita, PPP (current international $)","NY.GNP.PCAP.PP.CD","","","","","","","","","","","","","","","","","","","","","","","","","","","","","","","","","","","","","","","","","","","17630","20190","20700","23140","25480","27610","27970","28080","","","","","",
"St. Lucia","LCA","GNI per capita, PPP (current international $)","NY.GNP.PCAP.PP.CD","","","","","","","","","","","","","","","","","","","","","","","","","","","","","","","4800","4990","5460","5630","5800","6000","6410","6490","6840","7040","7460","7220","7370","7690","8320","8340","9440","9430","9770","10010","9980","10370","10180","10290","",
"Latin America & Caribbean (all income levels)","LCN","GNI per capita, PPP (current international $)","NY.GNP.PCAP.PP.CD","","","","","","","","","","","","","","","","","","","","","","","","","","","","","","","5670.20146490268","5980.00456263789","6194.44177802276","6762.3209926498","7128.09579913986","7166.42498869551","7424.73249653991","7815.47354565575","7928.19712920137","7934.71677896332","8322.78527926818","8424.32464990961","8412.67055277161","8623.17557033256","9272.34330802952","10003.2910731562","10885.7876518688","11699.4269706547","12307.4222103778","12198.4569450123","12964.8008571952","13716.5699634226","14126.2087009981","14570.675887732","",
"Least developed countries: UN classification","LDC","GNI per capita, PPP (current international $)","NY.GNP.PCAP.PP.CD","","","","","","","","","","","","","","","","","","","","","","","","","","","","","","","770.07202507852","786.692079985702","781.623379209478","793.926241435001","800.1563223169","845.882593459731","891.341203234927","936.090565961109","961.850633762855","987.180921935421","1033.73397105205","1081.75555274857","1124.85387499332","1181.98373453925","1260.07454144931","1366.99340659099","1498.7996572352","1635.94225405588","1730.24111888918","1808.64153693952","1878.37842407732","1942.98764025236","2018.56008105284","2100.05048454287","",
"Low income","LIC","GNI per capita, PPP (current international $)","NY.GNP.PCAP.PP.CD","","","","","","","","","","","","","","","","","","","","","","","","","","","","","","","740.367823780753","757.901179647592","748.192926965955","756.768571863049","767.034554996415","795.513307545051","835.734816661674","862.665579748996","882.946401975804","908.554106649207","942.78129880467","984.358405344036","1004.48993371017","1049.33079485734","1119.76068157644","1202.14013372584","1294.68110686955","1394.75933408744","1468.82857179949","1529.68371164033","1612.93021297874","1709.57441677483","1811.61248443849","1902.70848365758","",
"Liechtenstein","LIE","GNI per capita, PPP (current international $)","NY.GNP.PCAP.PP.CD","","","","","","","","","","","","","","","","","","","","","","","","","","","","","","","","","","","","","","","","","","","","","","","","","","","","","","","",
"Sri Lanka","LKA","GNI per capita, PPP (current international $)","NY.GNP.PCAP.PP.CD","","","","","","","","","","","","","","","","","","","","","","","","","","","","","","","2140","2280","2430","2630","2780","2930","3060","3280","3420","3560","3840","3940","4150","4450","4750","5140","5630","6140","6480","6770","7330","8020","8830","9470","",
"Lower middle income","LMC","GNI per capita, PPP (current international $)","NY.GNP.PCAP.PP.CD","","","","","","","","","","","","","","","","","","","","","","","","","","","","","","","1826.06321315858","1841.98977140817","1895.02155378889","1970.94036511457","2053.60732743056","2168.56022936168","2302.08356594527","2392.98014443943","2395.39477172025","2500.13758717376","2612.9544431801","2742.42031178765","2841.55635218021","3082.22808477669","3361.12185468413","3650.61250491517","4005.08515461789","4363.94607295686","4585.16025317532","4788.29939760533","5137.02418618304","5415.001399674","5681.92516630631","5965.94154222502","",
"Low & middle income","LMY","GNI per capita, PPP (current international $)","NY.GNP.PCAP.PP.CD","","","","","","","","","","","","","","","","","","","","","","","","","","","","","","","2139.94971795099","2231.21769356997","2333.79219383613","2495.47794535319","2628.82655456325","2753.82848956454","2923.76689996939","3077.31232348356","3159.56529745396","3264.29488621771","3466.3513124532","3624.33814159189","3782.41832780757","4057.60970963678","4440.03128338608","4862.01723303761","5394.32241598923","5958.9737253445","6364.12161561878","6592.89129151941","7100.5796738185","7590.86449315986","8034.01015659628","8439.12784853678","",
"Lesotho","LSO","GNI per capita, PPP (current international $)","NY.GNP.PCAP.PP.CD","","","","","","","","","","","","","","","","","","","","","","","","","","","","","","","1410","1440","1460","1450","1510","1500","1580","1630","1600","1650","1710","2090","2130","2230","2240","2210","2260","2340","2450","2510","2600","2850","2990","3160","",
"Lithuania","LTU","GNI per capita, PPP (current international $)","NY.GNP.PCAP.PP.CD","","","","","","","","","","","","","","","","","","","","","","","","","","","","","","","9320","9070","7330","6310","5860","6200","6600","7170","7820","7830","8470","9450","10520","11870","12840","14440","16420","18360","19980","18410","19440","21490","23050","24550","",
"Luxembourg","LUX","GNI per capita, PPP (current international $)","NY.GNP.PCAP.PP.CD","","","","","","","","","","","","","","","","","","","","","","","","","","","","","","","25820","28810","29450","30410","30640","32260","33540","35220","35640","39490","41920","43600","48470","48030","53090","59250","56050","65690","67240","52700","55030","59240","57980","57420","",
"Latvia","LVA","GNI per capita, PPP (current international $)","NY.GNP.PCAP.PP.CD","","","","","","","","","","","","","","","","","","","","","","","","","","","","","","","7820","7100","5010","4980","5280","5420","5820","6490","6980","7340","8040","9010","10020","10780","11710","13140","14950","17100","18520","18130","18010","19660","21020","22510","",
"Macao SAR, China","MAC","GNI per capita, PPP (current international $)","NY.GNP.PCAP.PP.CD","","","","","","","","","","","","","","","","","","","","","","","","","","","","","","","26110","27290","30610","32110","33570","34350","33880","33890","32200","30930","32280","31420","35900","39960","49370","53580","59170","75100","69020","70040","86530","101840","112230","","",
"St. Martin (French part)","MAF","GNI per capita, PPP (current international $)","NY.GNP.PCAP.PP.CD","","","","","","","","","","","","","","","","","","","","","","","","","","","","","","","","","","","","","","","","","","","","","","","","","","","","","","","",
"Morocco","MAR","GNI per capita, PPP (current international $)","NY.GNP.PCAP.PP.CD","","","","","","","","","","","","","","","","","","","","","","","","","","","","","","","2450","2660","2610","2580","2900","2740","3120","3060","3310","3330","3420","3720","3870","4170","4460","4710","5180","5420","5750","5950","6160","6490","6670","7000","",
"Monaco","MCO","GNI per capita, PPP (current international $)","NY.GNP.PCAP.PP.CD","","","","","","","","","","","","","","","","","","","","","","","","","","","","","","","","","","","","","","","","","","","","","","","","","","","","","","","",
"Moldova","MDA","GNI per capita, PPP (current international $)","NY.GNP.PCAP.PP.CD","","","","","","","","","","","","","","","","","","","","","","","","","","","","","","","4150","3590","2600","2640","1850","1860","1890","1940","1830","1800","1870","2130","2340","2680","2990","3300","3560","3700","4090","3740","4160","4520","4710","5180","",
"Madagascar","MDG","GNI per capita, PPP (current international $)","NY.GNP.PCAP.PP.CD","","","","","","","","","","","","","","","","","","","","","","","","","","","","","","","1030","950","970","990","970","970","990","1030","1050","1090","1130","1190","1020","1110","1160","1220","1280","1370","1460","1370","1350","1350","1360","1370","",
"Maldives","MDV","GNI per capita, PPP (current international $)","NY.GNP.PCAP.PP.CD","","","","","","","","","","","","","","","","","","","","","","","","","","","","","","","","","","","","","","","","","","4990","5280","6030","6880","6590","7980","7760","8740","8490","8940","9310","9310","9900","",
"Middle East & North Africa (all income levels)","MEA","GNI per capita, PPP (current international $)","NY.GNP.PCAP.PP.CD","","","","","","","","","","","","","","","","","","","","","","","","","","","","","","","7053.13571781859","7588.33781588266","7948.3864358114","8031.66630375582","8170.21230060939","8404.98213713867","8797.60969956033","9133.40618853207","9428.56234642123","9515.13638027484","9989.17081998145","10322.1472773499","10467.4738388342","11097.3387583697","11947.6690818144","12778.2923578453","13865.2032648764","14832.3399193986","15350.3036263674","15364.6688303832","15896.2791660981","16746.9842267346","17777.9007712433","17875.3586159524","",
"Mexico","MEX","GNI per capita, PPP (current international $)","NY.GNP.PCAP.PP.CD","","","","","","","","","","","","","","","","","","","","","","","","","","","","","","","5800","6150","6390","8190","8560","7600","7980","8610","8940","9400","9990","10000","10060","10270","10860","11750","12840","13330","14030","13780","14590","15650","15910","16110","",
"Marshall Islands","MHL","GNI per capita, PPP (current international $)","NY.GNP.PCAP.PP.CD","","","","","","","","","","","","","","","","","","","","","","","","","","","","","","","","","","","","3300","2880","2780","2810","2850","3090","3320","3380","3430","3510","3780","3920","4170","4120","4060","4160","4280","4330","4630","",
"Middle income","MIC","GNI per capita, PPP (current international $)","NY.GNP.PCAP.PP.CD","","","","","","","","","","","","","","","","","","","","","","","","","","","","","","","2334.05089078636","2437.12245939428","2556.75351124402","2741.738082329","2894.7108247068","3036.31194777304","3227.82445108508","3402.55012106005","3497.04024906109","3616.81097863871","3847.29524776931","4027.03523005022","4210.16441905616","4525.21040954953","4960.99399393461","5441.7112191487","6049.52678338864","6695.09040465677","7161.13891591279","7425.7284560665","8012.0585934328","8577.93394735511","9089.939392655","9560.69194576847","",
"Macedonia, FYR","MKD","GNI per capita, PPP (current international $)","NY.GNP.PCAP.PP.CD","","","","","","","","","","","","","","","","","","","","","","","","","","","","","","","5220","5100","4780","4610","4680","4760","4870","4970","5160","5360","5710","5660","5810","6200","6800","7540","8530","8820","10360","10880","11210","11170","11430","11520","",
"Mali","MLI","GNI per capita, PPP (current international $)","NY.GNP.PCAP.PP.CD","","","","","","","","","","","","","","","","","","","","","","","","","","","","","","","710","730","790","770","770","810","830","870","910","960","990","1050","1070","1180","1190","1270","1370","1420","1480","1490","1560","1590","1550","1540","",
"Malta","MLT","GNI per capita, PPP (current international $)","NY.GNP.PCAP.PP.CD","","","","","","","","","","","","","","","","","","","","","","","","","","","","","","","11760","12620","13210","13870","14560","15570","14700","15600","15990","17200","18570","18440","19450","19620","19700","20070","21470","22680","25140","24420","26060","26760","26410","27030","",
"Myanmar","MMR","GNI per capita, PPP (current international $)","NY.GNP.PCAP.PP.CD","","","","","","","","","","","","","","","","","","","","","","","","","","","","","","","","","","","","","","","","","","","","","","","","","","","","","","","",
"Middle East & North Africa (developing only)","MNA","GNI per capita, PPP (current international $)","NY.GNP.PCAP.PP.CD","","","","","","","","","","","","","","","","","","","","","","","","","","","","","","","4623.08616904789","4949.85030291013","5147.09520390252","5131.90722380463","5249.08232670931","5428.19402160639","5751.14815139384","5953.15293626485","6176.81497260183","6339.22697378822","6641.83313021058","6976.02677889259","7217.66266344402","7660.48131040688","8114.5058416474","8658.86392771616","9346.1719817752","10054.5563135054","10313.2953810347","10453.2764676733","","","","","",
"Montenegro","MNE","GNI per capita, PPP (current international $)","NY.GNP.PCAP.PP.CD","","","","","","","","","","","","","","","","","","","","","","","","","","","","","","","","","","","","","","","","","6880","7100","7380","7720","8210","8480","10670","12590","14090","13130","13230","14180","13810","14410","",
"Mongolia","MNG","GNI per capita, PPP (current international $)","NY.GNP.PCAP.PP.CD","","","","","","","","","","","","","","","","","","","","","","","","","","","","","","","2740","2580","2320","2250","2360","2550","2660","2790","2920","3020","3090","3230","3390","3650","4110","4430","4930","5450","5910","5730","5770","6770","7670","8810","",
"Northern Mariana Islands","MNP","GNI per capita, PPP (current international $)","NY.GNP.PCAP.PP.CD","","","","","","","","","","","","","","","","","","","","","","","","","","","","","","","","","","","","","","","","","","","","","","","","","","","","","","","",
"Mozambique","MOZ","GNI per capita, PPP (current international $)","NY.GNP.PCAP.PP.CD","","","","","","","","","","","","","","","","","","","","","","","","","","","","","","","280","300","270","290","300","310","340","370","410","440","440","480","530","560","600","650","670","740","780","840","880","960","1040","1100","",
"Mauritania","MRT","GNI per capita, PPP (current international $)","NY.GNP.PCAP.PP.CD","","","","","","","","","","","","","","","","","","","","","","","","","","","","","","","2520","2620","1570","1640","1580","1720","1930","1830","1860","1960","1960","1910","2180","2140","2250","2350","2470","2590","2610","2490","2560","2610","2740","2850","",
"Mauritius","MUS","GNI per capita, PPP (current international $)","NY.GNP.PCAP.PP.CD","","","","","","","","","","","","","","","","","","","","","","","","","","","","","","","4860","5240","5640","5980","6220","6580","6970","7440","7880","8100","8940","9370","9630","9990","10790","11200","11970","13180","13870","14150","15100","15800","16540","17220","",
"Malawi","MWI","GNI per capita, PPP (current international $)","NY.GNP.PCAP.PP.CD","","","","","","","","","","","","","","","","","","","","","","","","","","","","","","","340","380","350","390","350","420","460","470","480","480","490","470","470","490","520","530","550","600","640","680","710","730","730","750","",
"Malaysia","MYS","GNI per capita, PPP (current international $)","NY.GNP.PCAP.PP.CD","","","","","","","","","","","","","","","","","","","","","","","","","","","","","","","6290","6880","7440","8200","8920","9760","10660","11270","10280","10640","11430","11610","12270","13150","14190","15260","16560","17890","18600","18330","19330","20580","21460","22530","",
"North America","NAC","GNI per capita, PPP (current international $)","NY.GNP.PCAP.PP.CD","","","","","","","","","","","","","","","","","","","","","","","","","","","","","","","23603.6801681988","23999.606791682","25010.4574228022","25966.1569541533","27238.4036638517","28250.5797065042","29478.9364946989","30924.9606190995","32250.7268976719","33930.9329615106","35768.3481065584","36647.6410935277","37508.798493388","39063.6439259957","41317.1709091888","43705.6604441835","45748.195071258","47526.9600644869","48044.4436764704","46571.8851779625","48077.255985137","49608.8815287646","51127.3811819515","52645.2715343738","",
"Namibia","NAM","GNI per capita, PPP (current international $)","NY.GNP.PCAP.PP.CD","","","","","","","","","","","","","","","","","","","","","","","","","","","","","","","3750","4120","4260","4220","4240","4480","4470","4590","4680","4650","4880","4920","5220","5680","6270","6380","7020","7490","7720","7670","7890","8440","8890","9490","",
"New Caledonia","NCL","GNI per capita, PPP (current international $)","NY.GNP.PCAP.PP.CD","","","","","","","","","","","","","","","","","","","","","","","","","","","","","","","","","","","","","","","","","","","","","","","","","","","","","","","",
"Niger","NER","GNI per capita, PPP (current international $)","NY.GNP.PCAP.PP.CD","","","","","","","","","","","","","","","","","","","","","","","","","","","","","","","580","600","560","560","570","580","590","600","640","630","610","650","650","670","670","700","740","750","810","780","820","820","890","890","",
"Nigeria","NGA","GNI per capita, PPP (current international $)","NY.GNP.PCAP.PP.CD","","","","","","","","","","","","","","","","","","","","","","","","","","","","","","","1780","1790","1770","1710","1750","1840","1950","1990","1960","","1950","2120","2160","2340","3140","3240","3870","3960","4170","4310","4740","4930","5130","5360","",
"Nicaragua","NIC","GNI per capita, PPP (current international $)","NY.GNP.PCAP.PP.CD","","","","","","","","","","","","","","","","","","","","","","","","","","","","","","","1950","1560","1460","1510","1810","1990","2140","2260","2370","2530","2660","2740","2780","2880","3090","3310","3460","3720","3870","3720","3860","4110","4310","4510","",
"Netherlands","NLD","GNI per capita, PPP (current international $)","NY.GNP.PCAP.PP.CD","","","","","","","","","","","","","","","","","","","","","","","","","","","","","","","18720","19740","20300","21050","22150","23390","24350","26030","27160","29230","32210","32560","33860","34040","35880","36990","41030","43570","44890","44280","45030","46340","45970","46400","",
"High income: nonOECD","NOC","GNI per capita, PPP (current international $)","NY.GNP.PCAP.PP.CD","","","","","","","","","","","","","","","","","","","","","","","","","","","","","","","11667.0100451939","11982.9620769897","11552.0057106325","11569.2540138879","11407.8528363433","11607.4112173062","11870.8978572364","12492.3586853709","12454.3703211157","13012.9388728451","14319.9746692649","14953.9299187101","15585.9329529804","17064.2640051152","18891.4086444264","20941.4085798588","24207.3162599034","26496.6923377813","29246.5225468757","28449.7153551005","30209.4467373605","32679.3421374018","34297.5088793679","35165.8973007561","",
"Norway","NOR","GNI per capita, PPP (current international $)","NY.GNP.PCAP.PP.CD","","","","","","","","","","","","","","","","","","","","","","","","","","","","","","","17370","18350","19530","20400","21900","23280","25750","27660","27110","29550","35690","37160","37170","38530","42530","48160","53940","55590","61060","55610","58420","62560","66220","66520","",
"Nepal","NPL","GNI per capita, PPP (current international $)","NY.GNP.PCAP.PP.CD","","","","","","","","","","","","","","","","","","","","","","","","","","","","","","","810","860","900","930","1000","1030","1070","1120","1140","1180","1250","1320","1310","1360","1440","1520","1610","1690","1810","1890","1970","2060","2170","2260","",
"New Zealand","NZL","GNI per capita, PPP (current international $)","NY.GNP.PCAP.PP.CD","","","","","","","","","","","","","","","","","","","","","","","","","","","","","","","14200","13550","13920","14740","15770","16620","16860","17730","18240","19140","20090","21200","21920","22580","23400","23810","25490","26780","27020","28980","28800","30240","30750","","",
"High income: OECD","OEC","GNI per capita, PPP (current international $)","NY.GNP.PCAP.PP.CD","","","","","","","","","","","","","","","","","","","","","","","","","","","","","","","18264.6558073424","18977.9456542708","19689.4079288411","20300.2177978988","21257.6090749382","22190.5374480032","23189.8077509565","24296.8373232933","25103.2898925235","26160.371842326","27812.4437659323","28798.3897460116","29665.1959411814","30607.0719976898","32281.0258538895","33939.2718404286","36089.0524699647","37815.9590723254","38607.5146848321","37686.6831260794","38958.7287384681","40323.6784127977","41119.8881081679","42285.8045753213","",
"OECD members","OED","GNI per capita, PPP (current international $)","NY.GNP.PCAP.PP.CD","","","","","","","","","","","","","","","","","","","","","","","","","","","","","","","16446.6115894719","17080.0378011458","17711.5774927481","18393.342814534","19212.911039078","19930.8593515787","20819.7065697385","21824.6652605651","22654.8589368762","23553.4528972372","25049.4366235548","25843.5235813183","26581.5248857922","27393.2045211202","28926.19314394","30465.4174136112","32455.397872517","33995.5524323704","34786.3360467098","33944.7392977712","35160.5734197125","36498.7968493161","37174.167477499","38200.4832563286","",
"Oman","OMN","GNI per capita, PPP (current international $)","NY.GNP.PCAP.PP.CD","","","","","","","","","","","","","","","","","","","","","","","","","","","","","","","22170","23580","24670","25780","26460","27870","28870","31040","31980","32390","35440","37430","34920","34320","34980","35450","38390","41160","43850","44830","41420","39440","52780","","",
"Other small states","OSS","GNI per capita, PPP (current international $)","NY.GNP.PCAP.PP.CD","","","","","","","","","","","","","","","","","","","","","","","","","","","","","","","3237.29557165271","3483.16476300729","3540.34453958392","3640.05242338082","3676.75367468996","3888.16615903452","4037.64380165684","4376.4792039256","4505.14131721148","4517.58382877361","4604.05116449642","4822.8684111605","4938.86191138577","5109.86961259801","5368.55391997086","5931.37421980654","6775.30362937592","7363.6148847121","7673.09298335444","7773.89850270428","7887.6979826348","8394.39804611844","8548.45014833493","8820.46655410811","",
"Pakistan","PAK","GNI per capita, PPP (current international $)","NY.GNP.PCAP.PP.CD","","","","","","","","","","","","","","","","","","","","","","","","","","","","","","","2000","2070","2190","2220","2280","2390","2460","2450","2470","2540","2630","2690","2820","3030","3260","3550","3810","4020","4100","4200","4290","4450","4640","4840","",
"Panama","PAN","GNI per capita, PPP (current international $)","NY.GNP.PCAP.PP.CD","","","","","","","","","","","","","","","","","","","","","","","","","","","","","","","4590","4990","5450","5880","6120","6120","6360","6700","7060","7200","7470","7550","7930","7960","8470","9210","11710","13140","14240","14630","15340","15290","16630","19300","",
"Peru","PER","GNI per capita, PPP (current international $)","NY.GNP.PCAP.PP.CD","","","","","","","","","","","","","","","","","","","","","","","","","","","","","","","3420","3390","3390","3550","4010","4310","4490","4790","4790","4860","5000","5100","5360","5570","5820","6230","6690","7410","8240","8330","8980","9610","10390","11160","",
"Philippines","PHL","GNI per capita, PPP (current international $)","NY.GNP.PCAP.PP.CD","","","","","","","","","","","","","","","","","","","","","","","","","","","","","","","2550","2590","2640","2710","2850","2990","3180","3380","3600","3660","3940","4090","4240","4590","4960","5390","5730","6140","6480","6810","7330","6850","7310","7840","",
"Palau","PLW","GNI per capita, PPP (current international $)","NY.GNP.PCAP.PP.CD","","","","","","","","","","","","","","","","","","","","","","","","","","","","","","","","10820","10070","9140","9320","10610","11690","11870","11600","11360","10450","10940","11440","11370","12540","12950","13150","13740","13370","12190","12690","13370","14300","14540","",
"Papua New Guinea","PNG","GNI per capita, PPP (current international $)","NY.GNP.PCAP.PP.CD","","","","","","","","","","","","","","","","","","","","","","","","","","","","","","","1000","1110","1190","1410","1510","1470","1520","1490","1400","1390","1380","1350","1340","1300","1380","1460","1440","1740","1850","1920","2020","2180","2330","2430","",
"Poland","POL","GNI per capita, PPP (current international $)","NY.GNP.PCAP.PP.CD","","","","","","","","","","","","","","","","","","","","","","","","","","","","","","","","5600","5790","6180","6840","7420","8120","8860","9460","9990","10710","11110","11700","12060","12830","13720","14930","16390","17930","18600","19910","21290","21830","22790","",
"Puerto Rico","PRI","GNI per capita, PPP (current international $)","NY.GNP.PCAP.PP.CD","","","","","","","","","","","","","","","","","","","","","","","","","","","","","","","11550","11950","12240","12840","13320","13940","14490","15100","15670","16460","17280","18690","18890","19650","20730","21830","22710","23170","23060","22490","22060","22350","23170","23840","",
"Korea, Dem. Rep.","PRK","GNI per capita, PPP (current international $)","NY.GNP.PCAP.PP.CD","","","","","","","","","","","","","","","","","","","","","","","","","","","","","","","","","","","","","","","","","","","","","","","","","","","","","","","",
"Portugal","PRT","GNI per capita, PPP (current international $)","NY.GNP.PCAP.PP.CD","","","","","","","","","","","","","","","","","","","","","","","","","","","","","","","11170","12100","12580","12610","12920","13770","14240","15010","15740","16720","17520","18220","18990","19550","19980","21730","23140","24400","25080","25350","25990","26040","25390","26170","",
"Paraguay","PRY","GNI per capita, PPP (current international $)","NY.GNP.PCAP.PP.CD","","","","","","","","","","","","","","","","","","","","","","","","","","","","","","","","","","","","4330","4620","4620","4570","4470","4130","4180","4280","4070","4350","4510","4970","5590","6030","5640","6380","6820","6700","7670","",
"Pacific island small states","PSS","GNI per capita, PPP (current international $)","NY.GNP.PCAP.PP.CD","","","","","","","","","","","","","","","","","","","","","","","","","","","","","","","2566.88889304716","2577.15491974147","2702.29736640937","2758.22123406887","2874.21838045403","3046.9553856431","3152.28656465122","3263.26199116204","3300.79615329458","3482.95442428081","3594.87513045452","3642.23916234231","3766.32247112062","3825.95119627915","4076.53208402596","4248.4794764312","4278.21053041718","4394.68818467733","4457.99018732319","4368.74532190067","4427.30607706908","4631.33988460799","4793.77072711511","4967.2805626942","",
"French Polynesia","PYF","GNI per capita, PPP (current international $)","NY.GNP.PCAP.PP.CD","","","","","","","","","","","","","","","","","","","","","","","","","","","","","","","","","","","","","","","","","","","","","","","","","","","","","","","",
"Qatar","QAT","GNI per capita, PPP (current international $)","NY.GNP.PCAP.PP.CD","","","","","","","","","","","","","","","","","","","","","","","","","","","","","","","","","","","56950","58820","61130","78240","","","","","","","102260","93350","111830","113820","115080","108330","113520","123280","125710","128530","",
"Romania","ROU","GNI per capita, PPP (current international $)","NY.GNP.PCAP.PP.CD","","","","","","","","","","","","","","","","","","","","","","","","","","","","","","","5170","4720","4420","4590","4890","5340","5680","5450","5280","5280","5660","6440","6990","7650","8500","9250","10970","12740","15280","15280","16000","17070","17700","18410","",
"Russian Federation","RUS","GNI per capita, PPP (current international $)","NY.GNP.PCAP.PP.CD","","","","","","","","","","","","","","","","","","","","","","","","","","","","","","","8010","7830","6790","6360","5720","5580","5450","5580","5230","5680","6650","7270","7870","8970","10030","11570","14540","16360","19710","18850","19910","21860","22710","23190","",
"Rwanda","RWA","GNI per capita, PPP (current international $)","NY.GNP.PCAP.PP.CD","","","","","","","","","","","","","","","","","","","","","","","","","","","","","","","550","570","660","670","360","510","550","590","580","580","600","640","720","730","790","860","940","1020","1120","1160","1230","1310","1410","1450","",
"South Asia","SAS","GNI per capita, PPP (current international $)","NY.GNP.PCAP.PP.CD","","","","","","","","","","","","","","","","","","","","","","","","","","","","","","","1212.67167011623","1244.85432080727","1316.10861503596","1377.48630034947","1461.18579948961","1565.39823210744","1669.09023923734","1728.48396780685","1809.24895491078","1941.89582878267","2026.71186809969","2128.64860810114","2215.019601335","2391.11112799571","2599.59195416459","2872.44799511786","3166.78949744888","3502.16140834157","3653.0324057326","3909.82660197291","4241.33668668769","4546.93946970685","4782.01532120928","5030.62116252143","",
"Saudi Arabia","SAU","GNI per capita, PPP (current international $)","NY.GNP.PCAP.PP.CD","","","","","","","","","","","","","","","","","","","","","","","","","","","","","","","24360","26160","26850","26460","26070","26360","27220","28130","28960","28630","29450","29050","28320","29550","32150","34810","37030","39170","42650","43170","45850","49940","52820","53640","",
"Sudan","SDN","GNI per capita, PPP (current international $)","NY.GNP.PCAP.PP.CD","","","","","","","","","","","","","","","","","","","","","","","","","","","","","","","1110","1120","1210","1290","1330","1400","1510","1670","1710","1720","1790","1880","1980","2080","2160","2340","2610","2880","2950","2960","3000","3380","3470","3230","",
"Senegal","SEN","GNI per capita, PPP (current international $)","NY.GNP.PCAP.PP.CD","","","","","","","","","","","","","","","","","","","","","","","","","","","","","","","1160","1190","1210","1210","1190","1250","1290","1320","1390","1450","1490","1560","1550","1650","1750","1840","1910","2000","2070","2050","2120","2140","2180","2210","",
"Singapore","SGP","GNI per capita, PPP (current international $)","NY.GNP.PCAP.PP.CD","","","","","","","","","","","","","","","","","","","","","","","","","","","","","","","21910","23350","25210","27460","30840","32880","34070","37270","35440","37710","40560","39820","41010","44030","47130","51310","57630","62180","60310","58550","69960","73520","74150","76860","",
"Solomon Islands","SLB","GNI per capita, PPP (current international $)","NY.GNP.PCAP.PP.CD","","","","","","","","","","","","","","","","","","","","","","","","","","","","","","","790","880","940","880","960","1020","1000","1600","1600","1570","1360","1250","1190","1260","1340","1420","1530","1520","1480","1190","1310","1540","1830","1810","",
"Sierra Leone","SLE","GNI per capita, PPP (current international $)","NY.GNP.PCAP.PP.CD","","","","","","","","","","","","","","","","","","","","","","","","","","","","","","","770","840","670","750","700","710","760","740","730","720","770","710","870","930","970","1010","1070","1230","1330","1370","1330","1450","1430","1690","",
"El Salvador","SLV","GNI per capita, PPP (current international $)","NY.GNP.PCAP.PP.CD","","","","","","","","","","","","","","","","","","","","","","","","","","","","","","","2820","2970","3240","3490","3750","4040","4140","4330","4520","4670","4870","5050","5200","5380","5610","5970","6410","6810","7020","6760","6910","7150","7300","7490","",
"San Marino","SMR","GNI per capita, PPP (current international $)","NY.GNP.PCAP.PP.CD","","","","","","","","","","","","","","","","","","","","","","","","","","","","","","","","","","","","","","","","","","","","","","","","","","","","","","","",
"Somalia","SOM","GNI per capita, PPP (current international $)","NY.GNP.PCAP.PP.CD","","","","","","","","","","","","","","","","","","","","","","","","","","","","","","","","","","","","","","","","","","","","","","","","","","","","","","","",
"Serbia","SRB","GNI per capita, PPP (current international $)","NY.GNP.PCAP.PP.CD","","","","","","","","","","","","","","","","","","","","","","","","","","","","","","","","","","","","","","5590","5830","5190","5780","6220","6730","7170","8040","8750","9760","10240","11560","11610","11540","12290","12440","12480","",
"Sub-Saharan Africa (developing only)","SSA","GNI per capita, PPP (current international $)","NY.GNP.PCAP.PP.CD","","","","","","","","","","","","","","","","","","","","","","","","","","","","","","","1472.87936828957","1489.45940952816","1454.08496483341","1443.23678744194","1462.41114093594","1527.42233119077","1607.32893553933","1656.28683804097","1661.10045077606","1676.36873301165","1720.06763570638","1791.00272344374","1831.87727379704","1908.19703192844","2136.83856932775","2259.55820360057","2495.90755340221","2632.40676620395","2743.88405388062","2794.65008538291","2940.57440070013","3049.05509537795","3138.32085213898","3250.98463729947","",
"South Sudan","SSD","GNI per capita, PPP (current international $)","NY.GNP.PCAP.PP.CD","","","","","","","","","","","","","","","","","","","","","","","","","","","","","","","","","","","","","","","","","","","","","","","","","2560","2670","2640","2250","1760","1860","",
"Sub-Saharan Africa (all income levels)","SSF","GNI per capita, PPP (current international $)","NY.GNP.PCAP.PP.CD","","","","","","","","","","","","","","","","","","","","","","","","","","","","","","","1472.17609848113","1488.74664903478","1453.59317500987","1442.81081875778","1461.94003199612","1526.93556770333","1607.26364912792","1658.41010264623","1663.5326487067","1680.39397213302","1723.41514722079","1794.34846285426","1836.78844499818","1912.57025256703","2142.4838932318","2270.81811626681","2516.64294701134","2653.33583916585","2762.46613725786","2819.46153549066","2960.82684820635","3068.92202829744","3155.74299397447","3267.219417462","",
"Small states","SST","GNI per capita, PPP (current international $)","NY.GNP.PCAP.PP.CD","","","","","","","","","","","","","","","","","","","","","","","","","","","","","","","3856.78968731195","4075.70548793558","4164.03288476168","4356.91311092742","4446.12289993476","4669.22528254532","4866.46796152204","5098.20854922762","5236.64894895021","5320.15664283855","5484.47865049218","5695.64173999709","5913.57964569521","6217.09940375657","6617.24470856449","7188.53691193562","8111.78037306662","8551.56521328227","8861.51044540795","8780.29003604929","8895.8975424186","9204.72502265285","9392.87397463413","9657.37194563812","",
"Sao Tome and Principe","STP","GNI per capita, PPP (current international $)","NY.GNP.PCAP.PP.CD","","","","","","","","","","","","","","","","","","","","","","","","","","","","","","","","","","","","","","","","","","1700","1730","1880","1960","2020","2390","2450","2570","2610","2680","2800","2860","2950","",
"Suriname","SUR","GNI per capita, PPP (current international $)","NY.GNP.PCAP.PP.CD","","","","","","","","","","","","","","","","","","","","","","","","","","","","","","","6720","7010","7100","","6960","7160","7330","7690","7780","7230","7840","7410","8300","8870","9780","10640","11430","12300","12960","13310","13910","14670","15350","15960","",
"Slovak Republic","SVK","GNI per capita, PPP (current international $)","NY.GNP.PCAP.PP.CD","","","","","","","","","","","","","","","","","","","","","","","","","","","","","","","","","","","","8500","9280","9970","10520","10500","11110","12240","13120","13240","14430","16140","18310","20800","23330","23120","23860","25070","25190","26110","",
"Slovenia","SVN","GNI per capita, PPP (current international $)","NY.GNP.PCAP.PP.CD","","","","","","","","","","","","","","","","","","","","","","","","","","","","","","","","","","","","13360","14160","15160","16020","17070","17930","18860","20030","20770","22470","23770","25700","27150","28880","27240","27300","28470","28250","28780","",
"Sweden","SWE","GNI per capita, PPP (current international $)","NY.GNP.PCAP.PP.CD","","","","","","","","","","","","","","","","","","","","","","","","","","","","","","","19850","20000","19850","19670","21070","22370","23270","24230","25410","27130","29410","29830","30860","32560","34430","34800","38500","41970","43580","40840","42880","45130","44980","46680","",
"Swaziland","SWZ","GNI per capita, PPP (current international $)","NY.GNP.PCAP.PP.CD","","","","","","","","","","","","","","","","","","","","","","","","","","","","","","","3660","3770","3900","3930","3850","4270","4570","4680","4550","4760","4720","5090","4870","4920","5300","5930","5860","6190","6260","6140","6230","5970","6020","6060","",
"Sint Maarten (Dutch part)","SXM","GNI per capita, PPP (current international $)","NY.GNP.PCAP.PP.CD","","","","","","","","","","","","","","","","","","","","","","","","","","","","","","","","","","","","","","","","","","","","","","","","","","","","","","","",
"Seychelles","SYC","GNI per capita, PPP (current international $)","NY.GNP.PCAP.PP.CD","","","","","","","","","","","","","","","","","","","","","","","","","","","","","","","8750","9260","10100","10800","10930","10530","11180","12690","13460","13560","13790","14110","13060","13190","13550","15070","16720","18400","17800","17970","18870","21340","22210","23730","",
"Syrian Arab Republic","SYR","GNI per capita, PPP (current international $)","NY.GNP.PCAP.PP.CD","","","","","","","","","","","","","","","","","","","","","","","","","","","","","","","","","","","","","","","","","","","","","","","","","","","","","","","",
"Turks and Caicos Islands","TCA","GNI per capita, PPP (current international $)","NY.GNP.PCAP.PP.CD","","","","","","","","","","","","","","","","","","","","","","","","","","","","","","","","","","","","","","","","","","","","","","","","","","","","","","","",
"Chad","TCD","GNI per capita, PPP (current international $)","NY.GNP.PCAP.PP.CD","","","","","","","","","","","","","","","","","","","","","","","","","","","","","","","710","780","840","680","760","760","760","790","820","800","730","700","330","710","1100","1380","1660","1620","1640","1640","1850","1850","1940","2000","",
"Togo","TGO","GNI per capita, PPP (current international $)","NY.GNP.PCAP.PP.CD","","","","","","","","","","","","","","","","","","","","","","","","","","","","","","","860","860","820","690","770","840","930","1050","1020","1020","1010","990","980","1020","1040","1060","1110","1140","1030","1050","1060","1080","1140","1180","",
"Thailand","THA","GNI per capita, PPP (current international $)","NY.GNP.PCAP.PP.CD","","","","","","","","","","","","","","","","","","","","","","","","","","","","","","","4070","4510","4900","5440","6000","6630","7040","6960","6170","6510","6970","7130","7470","8020","8650","9230","10040","10840","11310","11080","12020","12340","13430","13430","",
"Tajikistan","TJK","GNI per capita, PPP (current international $)","NY.GNP.PCAP.PP.CD","","","","","","","","","","","","","","","","","","","","","","","","","","","","","","","2350","2210","1570","1310","1020","890","720","770","810","840","900","990","1100","1200","1370","1480","1590","1750","1900","1940","2040","2200","2350","2500","",
"Turkmenistan","TKM","GNI per capita, PPP (current international $)","NY.GNP.PCAP.PP.CD","","","","","","","","","","","","","","","","","","","","","","","","","","","","","","","","","","4450","3770","3400","3620","3300","3450","3970","3980","4340","4380","4640","4940","5390","6360","7170","8070","8440","8990","10060","11050","12920","",
"Timor-Leste","TLS","GNI per capita, PPP (current international $)","NY.GNP.PCAP.PP.CD","","","","","","","","","","","","","","","","","","","","","","","","","","","","","","","","","","","","","","","","","1680","1750","1950","1600","1590","1960","3040","4290","6700","5000","6140","8160","7670","","",
"Tonga","TON","GNI per capita, PPP (current international $)","NY.GNP.PCAP.PP.CD","","","","","","","","","","","","","","","","","","","","","","","","","","","","","","","2370","2580","2630","2780","3080","3170","3240","3280","3450","3590","3700","3860","4090","4200","4340","4500","4620","4540","4630","4790","4930","5210","5370","5450","",
"Trinidad and Tobago","TTO","GNI per capita, PPP (current international $)","NY.GNP.PCAP.PP.CD","","","","","","","","","","","","","","","","","","","","","","","","","","","","","","","8030","8430","8440","8560","8880","9350","9850","10530","11580","12210","12960","13990","15410","17760","20210","21580","25080","27010","28350","26920","27220","24990","25500","26220","",
"Tunisia","TUN","GNI per capita, PPP (current international $)","NY.GNP.PCAP.PP.CD","","","","","","","","","","","","","","","","","","","","","","","","","","","","","","","3440","3590","3860","3890","4050","4210","4500","4810","5050","5360","5650","5970","6100","6540","7010","7360","7980","8540","8990","9390","9680","9720","10310","10610","",
"Turkey","TUR","GNI per capita, PPP (current international $)","NY.GNP.PCAP.PP.CD","","","","","","","","","","","","","","","","","","","","","","","","","","","","","","","4360","4470","4770","5200","4890","5310","5730","6190","8630","8190","9180","8520","8630","8760","10150","11390","12890","13870","15000","14520","16040","17820","18020","18800","",
"Tuvalu","TUV","GNI per capita, PPP (current international $)","NY.GNP.PCAP.PP.CD","","","","","","","","","","","","","","","","","","","","","","","","","","","","","","","","","","","","","","","","","","4750","5890","4130","4590","4570","4620","5420","5430","5620","5050","5120","5160","5260","",
"Tanzania","TZA","GNI per capita, PPP (current international $)","NY.GNP.PCAP.PP.CD","","","","","","","","","","","","","","","","","","","","","","","","","","","","","","","640","650","650","650","660","680","720","730","750","780","820","860","920","970","1050","1120","1210","1290","1370","1420","1490","1580","1640","1760","",
"Uganda","UGA","GNI per capita, PPP (current international $)","NY.GNP.PCAP.PP.CD","","","","","","","","","","","","","","","","","","","","","","","","","","","","","","","410","440","440","480","500","560","600","630","640","680","690","710","760","800","840","890","990","1070","1150","1200","1240","1310","1320","1470","",
"Ukraine","UKR","GNI per capita, PPP (current international $)","NY.GNP.PCAP.PP.CD","","","","","","","","","","","","","","","","","","","","","","","","","","","","","","","6950","6550","5910","5060","4080","3650","3380","3370","3350","3390","3700","4230","4580","5170","5990","6400","7100","7920","8360","7120","7580","8170","8670","8970","",
"Upper middle income","UMC","GNI per capita, PPP (current international $)","NY.GNP.PCAP.PP.CD","","","","","","","","","","","","","","","","","","","","","","","","","","","","","","","2795.45893006873","2982.63601158251","3168.1566727691","3460.74847843572","3684.29101694055","3855.92207507656","4107.49225029374","4367.76925716094","4556.71858107607","4698.9038130434","5049.24556142581","5286.2906622992","5561.24646680917","5960.44342927759","6564.06507476041","7249.18867999267","8126.91820087198","9081.35526229212","9817.24702216885","10166.9149924502","11023.5099206224","11918.1938056723","12715.6706346359","13412.347777475","",
"Uruguay","URY","GNI per capita, PPP (current international $)","NY.GNP.PCAP.PP.CD","","","","","","","","","","","","","","","","","","","","","","","","","","","","","","","6000","6450","7110","7430","8070","8080","8640","9530","10000","9960","9950","9760","9220","9050","9740","10970","11830","12910","13950","14270","15540","17040","17990","18940","",
"United States","USA","GNI per capita, PPP (current international $)","NY.GNP.PCAP.PP.CD","","","","","","","","","","","","","","","","","","","","","","","","","","","","","","","24090","24530","25610","26590","27870","28890","30190","31660","33020","34720","36580","37460","38330","39910","42230","44620","46660","48480","48970","47490","49040","50600","52220","53750","",
"Uzbekistan","UZB","GNI per capita, PPP (current international $)","NY.GNP.PCAP.PP.CD","","","","","","","","","","","","","","","","","","","","","","","","","","","","","","","","","1750","1710","1630","1620","1640","1710","1780","1860","1940","2030","2130","2240","2470","2700","2930","3420","3810","3950","4220","4590","4910","5290","",
"St. Vincent and the Grenadines","VCT","GNI per capita, PPP (current international $)","NY.GNP.PCAP.PP.CD","","","","","","","","","","","","","","","","","","","","","","","","","","","","","","","3500","3640","4080","4160","4060","4210","4380","5060","5350","5560","5700","5990","6460","7000","7420","7860","8820","9440","9760","9760","9550","9690","10110","10440","",
"Venezuela, RB","VEN","GNI per capita, PPP (current international $)","NY.GNP.PCAP.PP.CD","","","","","","","","","","","","","","","","","","","","","","","","","","","","","","","9250","10290","10710","10750","10450","10940","10900","11500","11450","10850","11330","11700","10490","9710","11530","13140","14760","16490","17230","16330","15940","16580","17490","17900","",
"Virgin Islands (U.S.)","VIR","GNI per capita, PPP (current international $)","NY.GNP.PCAP.PP.CD","","","","","","","","","","","","","","","","","","","","","","","","","","","","","","","","","","","","","","","","","","","","","","","","","","","","","","","",
"Vietnam","VNM","GNI per capita, PPP (current international $)","NY.GNP.PCAP.PP.CD","","","","","","","","","","","","","","","","","","","","","","","","","","","","","","","910","990","1100","1190","1320","1470","1610","1740","1830","1920","2070","2220","2370","2550","2780","3050","3310","3580","3810","3950","4230","4510","4800","5070","",
"Vanuatu","VUT","GNI per capita, PPP (current international $)","NY.GNP.PCAP.PP.CD","","","","","","","","","","","","","","","","","","","","","","","","","","","","","","","1690","1560","1550","1680","1650","1770","1750","1810","2040","2070","2130","2130","1940","2000","2080","2170","2420","2530","2810","2760","2800","2820","2820","2870","",
"West Bank and Gaza","PSE","GNI per capita, PPP (current international $)","NY.GNP.PCAP.PP.CD","","","","","","","","","","","","","","","","","","","","","","","","","","","","","","","","","","","2190","2310","2390","2920","3740","4370","3720","3360","3220","3500","3780","4300","4180","4160","3770","4350","4350","4670","5300","","",
"World","WLD","GNI per capita, PPP (current international $)","NY.GNP.PCAP.PP.CD","","","","","","","","","","","","","","","","","","","","","","","","","","","","","","","5325.74257754197","5505.47875282404","5665.29546283859","5868.98901983222","6103.29312851383","6339.12975191861","6620.42643390945","6917.69204131174","7083.59387812782","7328.87905751939","7772.3314135919","8050.02750496753","8307.77774504772","8700.02986973981","9304.73412441089","9945.43524869523","10796.9612127753","11570.4893363086","12087.9469376862","12072.7398628987","12701.5029329542","13355.2155627254","13841.7986943988","14337.7197014663","",
"Samoa","WSM","GNI per capita, PPP (current international $)","NY.GNP.PCAP.PP.CD","","","","","","","","","","","","","","","","","","","","","","","","","","","","","","","","","","","","","","2970","3070","3160","3440","3760","3950","4020","4390","4510","4640","5020","5150","4970","5140","5450","5530","5560","",
"Yemen, Rep.","YEM","GNI per capita, PPP (current international $)","NY.GNP.PCAP.PP.CD","","","","","","","","","","","","","","","","","","","","","","","","","","","","","","","2210","2250","2390","2430","2520","2540","2490","2580","2780","2740","2930","3060","3110","3160","3250","3460","3710","3900","3990","4180","4200","3490","3690","3820","",
"South Africa","ZAF","GNI per capita, PPP (current international $)","NY.GNP.PCAP.PP.CD","","","","","","","","","","","","","","","","","","","","","","","","","","","","","","","6180","6270","6170","6270","6490","6680","6920","7060","7000","7090","7360","7520","7810","8080","8630","9260","9950","10480","10940","10830","11190","11640","11970","12240","",
"Congo, Dem. Rep.","COD","GNI per capita, PPP (current international $)","NY.GNP.PCAP.PP.CD","","","","","","","","","","","","","","","","","","","","","","","","","","","","","","","","700","650","570","510","490","530","490","480","440","450","420","440","460","490","510","550","580","590","610","640","680","710","740","",
"Zambia","ZMB","GNI per capita, PPP (current international $)","NY.GNP.PCAP.PP.CD","","","","","","","","","","","","","","","","","","","","","","","","","","","","","","","1420","1390","1390","1520","1400","1440","1530","1570","1530","1600","1670","1760","1830","1960","2020","2160","2290","2430","2690","3040","3150","3380","3690","3810","",
"Zimbabwe","ZWE","GNI per capita, PPP (current international $)","NY.GNP.PCAP.PP.CD","","","","","","","","","","","","","","","","","","","","","","","","","","","","","","","1590","1680","1520","1540","1680","1680","1870","1900","1920","1930","1890","1960","1820","1540","1470","1430","1410","1380","1110","1380","1420","1490","1640","1690","",
